<?xml version="1.0" encoding="UTF-8"?>
<configWizard>
  <firstPage>pageYunIO</firstPage>
  
  <filePath>include/wiz_config.h</filePath>

  <!-- 通道组件选择 -->
  <page id="pageYunIO" summary="欢迎使用欢迎YoC Smoke Detector工程创建向导" isLast="no">
    <description>阿里云IoT平台接入</description>
    <group id="groupid_yio" text="云平台组件">
      <widgets type="radiobutton" id="iot_alimqtt" text="阿里云IoT(MQTT)" nextPage="pageNetCommCnpt">
        <description>阿里云IoT(MQTT)平台接入</description>
        <component id="yoc7.0#iot_alimqtt_tls_ch2201" lowVersion="V0.0.0" highVersion="V9.9.9"/>
      </widgets>
      <widgets type="radiobutton" id="iot_alicoap" text="阿里云IoT(CoAP)" nextPage="pageNetCommCnpt">
        <description>阿里云IoT(CoAP)平台接入</description>
        <component id="yoc7.0#iot_alicoap_psk_ch2201" lowVersion="V0.0.0" highVersion="V9.9.9"/>
      </widgets>
      <widgets type="radiobutton" id="iot_lwm2m" text="天翼云" nextPage="pageNetCommCnpt">
        <description>电信天翼云平台接入</description>
        <component id="yoc7.0#iot_lwm2m_ch2201" lowVersion="V0.0.0" highVersion="V9.9.9"/>
      </widgets>
      <widgets type="radiobutton" id="iot_onenet" text="中移物联网平台" nextPage="pageNetCommCnpt">
        <description>中移物联网平台接入</description>
        <component id="yoc7.0#iot_onenet_ch2201" lowVersion="V0.0.0" highVersion="V9.9.9"/>
      </widgets>
    </group>
  </page>

  <!-- 网络组件选择 -->
  <page id="pageNetCommCnpt" summary="欢迎使用欢迎YoC smoke detector工程创建向导" isLast="no">
    <description>一款工作稳定广泛使用的有线以太网模块</description>
    <group id="groupid_nncc" text="网络组件">
      <widgets type="radiobutton" id="ccnpt_enc28j60" text="ENC28j60 SPI有线以太网模块" nextPage="pageFuncCommCnpt">
        <description>一款工作稳定广泛使用的有线以太网模块</description>
        <component id="yoc7.0#klwip_ch2201" lowVersion="V0.0.0" highVersion="V9.9.9"/>
        <component id="yoc7.0#yoc_kernel_ch2201" lowVersion="V0.0.0" highVersion="V9.9.9"/>
        <fileConfig>CONFIG_TCPIP_ENC28J60</fileConfig>
      </widgets>
      <widgets type="radiobutton" id="ccnpt_8266" text="ESP8266 WiFi 模块" nextPage="pageFuncCommCnpt">
        <description>超低功耗的UART-WiFi 透传模块</description>
        <component id="yoc7.0#ksal_ch2201" lowVersion="V0.0.0" highVersion="V9.9.9"/>
        <component id="yoc7.0#yoc_kernel_ch2201" lowVersion="V0.0.0" highVersion="V9.9.9"/>
        <fileConfig>CONFIG_SAL_ESP8266</fileConfig>
      </widgets>
      <widgets type="radiobutton" id="ccnpt_sim800c" text="SIM800C GPRS 模块" nextPage="pageFuncCommCnpt">
        <description>一款性能稳定、外观小巧的四频GSM/GPRS模块</description>
        <component id="yoc7.0#ksal_ch2201" lowVersion="V0.0.0" highVersion="V9.9.9"/>
        <component id="yoc7.0#yoc_kernel_ch2201" lowVersion="V0.0.0" highVersion="V9.9.9"/>
        <fileConfig>CONFIG_SAL_SIM800C</fileConfig>
      </widgets>
    </group>
  </page>

    <!-- 功能组件选择 -->
  <page id="pageFuncCommCnpt" summary="欢迎使用欢迎YoC smoke detector工程创建向导" isLast="yes">
    <description>FOTA在线升级模块</description>
    <group id="groupid_func" text="功能组件">
      <widgets type="checkbox" id="func_fota" text="FOTA模块" nextPage="pageend">
        <description>FOTA在线升级模块</description>
        <component id="yoc7.0#fota_ch2201" lowVersion="V0.0.0" highVersion="V9.9.9"/>
      </widgets>
    </group>
  </page>

</configWizard>
